{
  "standard_flow": {
    "total_time": 32.36217864354451,
    "per_utterance": [
      10.053490161895752,
      6.158996820449829,
      5.9704601764678955,
      7.303513765335083,
      5.8011698722839355,
      6.024024724960327,
      5.3181328773498535,
      6.466649055480957,
      7.547401189804077,
      6.170461893081665,
      5.80534815788269,
      5.40102481842041,
      5.3758180141448975,
      7.846634149551392,
      5.843391418457031
    ],
    "avg_per_utterance": 6.47243447303772
  },
  "optimized_flow": {
    "total_time": 27.005665620168045,
    "per_utterance": [
      3.9537158012390137,
      4.264493942260742,
      4.058335065841675,
      7.129354000091553,
      4.805549144744873,
      4.587297201156616,
      5.104929208755493,
      5.584415912628174,
      7.954483985900879,
      5.551053047180176,
      4.11241602897644,
      4.392228126525879,
      4.441524028778076,
      7.226066827774048,
      4.978235960006714
    ],
    "avg_per_utterance": 5.209606552124024
  },
  "tokenization_time": 0.9575947125752768,
  "speedup_factor": 1.1983477503837632,
  "first_utterance_overhead": 0.9575947125752768,
  "subsequent_utterance_speedup": 1.221372361116977
}